{"aaData":[{"id":"1","usuario":"admin","correo":"edgar@gmail.com","contrasena":"21232f297a57a5a743894a0e4a801fc3","token":"","status":"1","id_rol":"1","avatar":"default.jpg","id_hacienda":"0","id_aliado":"0"},{"id":"9","usuario":"hacienda","correo":"edgarn.sr@gmail.com","contrasena":"7c3c2a84854de79cd5e9e018dad8bb45","token":"","status":"1","id_rol":"2","avatar":"haciendas-sauza.jpg","id_hacienda":"1","id_aliado":"0"},{"id":"10","usuario":"aliado","correo":"edgarn.sr@outlook.com","contrasena":"6e25f69e394f4c8933275151b1f04ba3","token":"","status":"1","id_rol":"3","avatar":"default.jpg","id_hacienda":"0","id_aliado":"2"},{"id":"11","usuario":"saloek","correo":"2012030234@upsin.edu.mx","contrasena":"7c3c2a84854de79cd5e9e018dad8bb45","token":"","status":"1","id_rol":"2","avatar":"haciendas-herradura.jpg","id_hacienda":"2","id_aliado":"0"},{"id":"12","usuario":"elbientics","correo":"raul@bientics.com","contrasena":"6e25f69e394f4c8933275151b1f04ba3","token":"","status":"1","id_rol":"3","avatar":"default.jpg","id_hacienda":"0","id_aliado":"3"},{"id":"13","usuario":"edgar_warrior","correo":"edvargas20@gmail.com","contrasena":"7c3c2a84854de79cd5e9e018dad8bb45","token":"","status":"1","id_rol":"2","avatar":"default.jpg","id_hacienda":"3","id_aliado":"0"},{"id":"14","usuario":"edgar noel","correo":"edgar_n@gmail.com","contrasena":"39f2fc153737ba1597909b5543911f3c","token":null,"status":"0","id_rol":"4","avatar":"default.jpg","id_hacienda":"1","id_aliado":"0"},{"id":"15","usuario":"edgar26562","correo":"edgar@gmail.com","contrasena":"39f2fc153737ba1597909b5543911f3c","token":null,"status":"0","id_rol":"4","avatar":"default.jpg","id_hacienda":"2","id_aliado":"0"},{"id":"16","usuario":"test 2","correo":"edvargass20@gmail.com","contrasena":"39f2fc153737ba1597909b5543911f3c","token":null,"status":"0","id_rol":"4","avatar":"default.jpg","id_hacienda":"1","id_aliado":"0"},{"id":"17","usuario":"edgar_salmeron","correo":"edgaraguila_1@hotmail.com","contrasena":"7c3c2a84854de79cd5e9e018dad8bb45","token":"","status":"1","id_rol":"2","avatar":"haciendas-sauza.jpg","id_hacienda":"1","id_aliado":"0"},{"id":"18","usuario":"edgar_noel","correo":"edgaraguila_1@outlook.com","contrasena":"6e25f69e394f4c8933275151b1f04ba3","token":null,"status":"1","id_rol":"3","avatar":"default.jpg","id_hacienda":"0","id_aliado":"4"},{"id":"19","usuario":"noel","correo":"edaaa@gmail.com","contrasena":"7c3c2a84854de79cd5e9e018dad8bb45","token":null,"status":"1","id_rol":"2","avatar":"haciendas-herradura.jpg","id_hacienda":"2","id_aliado":"0"},{"id":"20","usuario":"salmeron_ramirez","correo":"edgar_st@gmail.com","contrasena":"6e25f69e394f4c8933275151b1f04ba3","token":null,"status":"0","id_rol":"4","avatar":"default.jpg","id_hacienda":"0","id_aliado":"2"},{"id":"21","usuario":"prueba","correo":"edasasa@gmail.com","contrasena":"6e25f69e394f4c8933275151b1f04ba3","token":null,"status":"1","id_rol":"3","avatar":"default.jpg","id_hacienda":"0","id_aliado":"3"}]}