{"aaData":[{"id":"1","pertenece":"Edgar","vendedor":"Ra\u00fal","estado":"Pagado","ver_mas":"<a class=\"ver-mas\" href=\"21a5c5c322d4c276674441e4ef1d44ff\">Ver m\u00e1s<\/a>","visitar":"<a class=\"visitado\" href=\"21a5c5c322d4c276674441e4ef1d44ff\">Visitado<\/a>","sauza":null,"herradia":null,"cofradia":null},{"id":"1","pertenece":"Adriana","vendedor":"Edgar","estado":"Pagado","ver_mas":"<a class=\"ver-mas\" href=\"944aca86c933a08ec25b993883c2ec80\">Ver m\u00e1s<\/a>","visitar":"<a class=\"visitado\" href=\"944aca86c933a08ec25b993883c2ec80\">Visitado<\/a>","sauza":null,"herradia":null,"cofradia":null}]}