{"aaData":[{"id":"1","propietario":"Edgar Noel Salmer\u00f3n Ram\u00edrez","vendedor":"Nombre del vendedor","fecha":"2015-05-20 20:00:00","tipo_pago":"Efectivo","fecha_activacion":"2015-05-20","id_pasaporte":"eede92b3d56e48c3e8a3860ce04dce29","sauza":"sauza","herradura":"0","cofradia":"0","visitar":"<a class=\"visitado\" href=\"eede92b3d56e48c3e8a3860ce04dce29\">Visitado<\/a>"},{"id":"3","propietario":"Edgar","vendedor":"Ra\u00fal","fecha":"2015-05-20 03:02:56","tipo_pago":"Pagado","fecha_activacion":null,"id_pasaporte":"21a5c5c322d4c276674441e4ef1d44ff","sauza":"Sauza","herradura":"0","cofradia":"0","visitar":"<a class=\"visitado\" href=\"21a5c5c322d4c276674441e4ef1d44ff\">Visitado<\/a>"}]}